{"cameraMode":{"drawMode":0,"name":"Shaded","section":"Shading Mode"},"sceneLighting":true,"audioPlay":false,"sceneViewState":{"m_AlwaysRefresh":false,"showFog":true,"showSkybox":true,"showFlares":true,"showImageEffects":true,"showParticleSystems":true,"showVisualEffectGraphs":true,"m_FxEnabled":true},"in2DMode":false,"pivot":{"x":-1.1671679019927979,"y":0.2551155686378479,"z":0.41907456517219546},"rotation":{"x":0.13977070152759553,"y":-0.15087255835533143,"z":0.02155199646949768,"w":0.9783871173858643},"size":1.5255701541900635,"orthographic":false}